<?xml version="1.0" encoding="UTF-8"?>
<beans xmlns="http://www.springframework.org/schema/beans"
	xmlns:xsi="http://www.w3.org/2001/XMLSchema-instance"
	xmlns:p="http://www.springframework.org/schema/p"
	xsi:schemaLocation="http://www.springframework.org/schema/beans 
	   http://www.springframework.org/schema/beans/spring-beans.xsd"
	default-init-method="ginit" default-destroy-method="gdestroy">


	<bean id="questionBank"
		class="com.training.collections.QuestionBank"
		p:question="Inhertitence is available in....?">
		<property name="option">
			<list>
				<value>JAVA</value>
				<value>C++</value>
				<value>C</value>
				<value>ALL</value>
			</list>
		</property>
	</bean>

	<bean id="addressSet"
		class="com.training.collections.AddressSet">
		<property name="address">
			<set>
				<value>Chennai</value>
				<value>Ramanad</value>
				<value>Bnglre</value>
				<value>Chennai</value>
			</set>
		</property>
	</bean>


	<bean id="accoutMap"
		class="com.training.collections.AccountMap">
		<property name="accoutnMap">
			<map>
		<entry key="ramu" value="4000"></entry>
		<entry key="laksh" value="8000"></entry>
		<entry key="siva" value="12000"></entry>
		</map>
		</property>
	</bean>
	
	<bean id="myCollection"
		class="com.training.collections.MyCollection" autowire="byName"/>
	

</beans>