<?xml version="1.0" encoding="UTF-8"?>
 <beans xmlns="http://www.springframework.org/schema/beans"
	xmlns:xsi="http://www.w3.org/2001/XMLSchema-instance" 
	xmlns:p="http://www.springframework.org/schema/p"
	xmlns:context="http://www.springframework.org/schema/context"
	xsi:schemaLocation="http://www.springframework.org/schema/beans http://www.springframework.org/schema/beans/spring-beans-3.0.xsd http://www.springframework.org/schema/context http://www.springframework.org/schema/context/spring-context-3.0.xsd">
     <context:component-scan base-package="com.training.autowired"></context:component-scan>
      <bean class="org.springframework.beans.factory.config.PropertyPlaceholderConfigurer" p:location="mobiles.properties"></bean>   
     <!-- 
<bean id="camera" class=" com.training.autowired.Camera" p:type="DSLR-30"></bean>
<bean id="screen" class=" com.training.autowired.Screen" p:glassType="Geramic" p:len="720" p:bre="360" ></bean>
<bean id="speaker" class=" com.training.autowired.Speaker" p:type="mono" p:voloLevels="50" ></bean> -->
<bean id="mobile" class=" com.training.autowired.Mobile" ></bean>

</beans>