<?xml version="1.0" encoding="UTF-8"?>
 <beans xmlns="http://www.springframework.org/schema/beans"
	xmlns:xsi="http://www.w3.org/2001/XMLSchema-instance" 
	xmlns:p="http://www.springframework.org/schema/p"
	xmlns:context="http://www.springframework.org/schema/context"
	xsi:schemaLocation="http://www.springframework.org/schema/beans http://www.springframework.org/schema/beans/spring-beans-3.0.xsd http://www.springframework.org/schema/context
	 http://www.springframework.org/schema/context/spring-context-3.0.xsd">
 
 <context:annotation-config/>
 <bean id="helloworld" class="com.training.messagesource.HelloWorld" p:message="Are you doing well" p:greeting="Ramu" autowire="byName"></bean>
 
 <bean id="messageSource" class="org.springframework.context.support.ResourceBundleMessageSource">
 <property name="basenames">
 <list>
 <value>mymessages</value>
 </list>
 </property>
 </bean>
</beans>